timestamp,puzzle_id,algorithm,difficulty,time_elapsed,success
2025-12-11T19:45:26.192146,e1f3f8ca-2f94-42bc-86c3-0d5bf3f35ccc,hybrid,unknown,7.9716,True
2025-12-11T19:46:00.970749,6a4acc41-a0e7-4ff3-97f6-7310e4ceda9a,backtracking,unknown,11.1006,True
2025-12-11T19:52:12.197111,e17729ff-eaed-4093-800b-e92cc92bbae7,hybrid,unknown,0.0378,True
2025-12-11T19:52:24.427131,e7162be9-dd33-48b7-ae7c-6bb2705beaa1,dlx,unknown,0.0085,True
2025-12-11T19:52:45.573200,b8519c5d-7582-4b6e-ba29-339fca6c5ac2,dlx,unknown,0.0075,True
2025-12-11T20:07:57.349238,8fa2ba21-1719-418b-95dd-1331fbac919c,logic,unknown,0.0062,False
2025-12-11T20:08:00.409305,4128c447-f8d1-43f0-bdf7-1c449ae07baa,logic,unknown,0.0071,False
2025-12-11T20:08:10.002279,525ba088-dcbb-4848-9d91-524cda2cd1aa,logic,unknown,2.3769,True
2025-12-11T20:28:38.962976,79c5f83a-3014-4638-a1db-c0e7ddc1e72b,hybrid,unknown,10.4067,True
2025-12-11T20:35:41.309090,23ffa168-7faf-4694-a186-10e7691249f6,hybrid,unknown,0.6773,True
2025-12-11T20:36:54.098295,b5637ce2-8093-479e-ba81-f3d426627cfc,hybrid,unknown,0.6165,True
2025-12-12T19:54:29.384748,429d8a28-0cf8-44b5-8273-eef91ba7de1c,hybrid,unknown,0.019,True
2025-12-12T20:19:03.651869,50ebe98c-a843-4a40-aa35-619f59a5d6f4,ortools,unknown,0.1067,True
2025-12-12T20:19:10.895611,17d237b7-1d6e-4201-827a-af895888a1e4,ortools,unknown,0.0486,True
2025-12-12T20:19:22.921228,4e4f4867-e470-458a-b768-9e786c92df22,optimized_logic,unknown,0.1014,True
2025-12-12T20:19:35.128707,74456640-5424-45c1-ae51-0a55d722d8e8,logic,unknown,0.2666,True
2025-12-12T20:21:14.869401,05f13960-74da-4dde-8c75-9e810093986d,optimized_backtracking,unknown,0.0603,True
2025-12-12T20:21:46.200960,8d257f99-dab3-4711-a48e-60f6f2a8a509,ortools,unknown,0.0511,True
2025-12-12T20:21:58.001419,7cbf6573-9b76-4db3-94b7-5b2cf9828995,optimized_logic,unknown,0.0041,True
2025-12-12T20:22:06.175128,1904e183-a92b-407a-bd63-c0438df274df,logic,unknown,0.0025,True
2025-12-12T20:22:20.014303,b3016039-39e8-4537-b822-b4d6912ed6e6,optimized_backtracking,unknown,0.0023,True
2025-12-12T20:22:25.478660,41b1c041-169b-48cc-8454-42c3dc9fb6e8,backtracking,unknown,0.0006,True
2025-12-12T20:22:41.311990,7b7882d8-6450-41e0-8f32-f7cb1f501099,ortools,unknown,0.0526,True
2026-03-13T14:34:05.955592,963b064a-7e5d-4584-b3c7-1ee80ee51501,ortools,unknown,0.1077,True
2026-03-13T14:34:22.661520,451e4b4e-7cec-48d3-a123-fec5563ba1d5,ortools,unknown,0.0542,True
2026-03-21T12:50:14.317466,27d53a87-0ca4-4038-8a06-5a1df9827bd0,ortools,unknown,0.0282,True
